gen,seed,avg_fit,max_fit,avg_size,max_size,test
0,10,0.052096224980916955,0.054412947397741634,6.0,6,
1,10,0.4084080035227821,0.767036504481472,7.0,8,
2,10,0.40276603595797084,0.6953399631977635,8.0,12,
,,,,,,0.7698270937502657
